def:assumption	F:\repos\lra-volume-i\volume-i\axiom-systems\notes\axioms\axiom-systems.tex
def:axiom-system	F:\repos\lra-volume-i\volume-i\axiom-systems\notes\axioms\axiom-systems.tex
def:axiom	F:\repos\lra-volume-i\volume-i\axiom-systems\notes\axioms\axiom-systems.tex
def:axiom-systems-model-existence-criterion	F:\repos\lra-volume-i\volume-i\axiom-systems\notes\consistency\consistency.tex
def:axiom-systems-relative-consistency	F:\repos\lra-volume-i\volume-i\axiom-systems\notes\consistency\consistency.tex
def:axiom-systems-inconsistent-axiom-system	F:\repos\lra-volume-i\volume-i\axiom-systems\notes\consistency\consistency.tex
def:axiom-systems-contradiction	F:\repos\lra-volume-i\volume-i\axiom-systems\notes\consistency\consistency.tex
def:axiom-systems-consistent-axiom-system	F:\repos\lra-volume-i\volume-i\axiom-systems\notes\consistency\consistency.tex
def:axiom-systems-satisfaction	F:\repos\lra-volume-i\volume-i\axiom-systems\notes\models\models.tex
def:axiom-systems-countermodel	F:\repos\lra-volume-i\volume-i\axiom-systems\notes\models\models.tex
def:axiom-systems-model	F:\repos\lra-volume-i\volume-i\axiom-systems\notes\models\models.tex
def:axiom-systems-interpretation	F:\repos\lra-volume-i\volume-i\axiom-systems\notes\models\models.tex
def:axiom-systems-structure	F:\repos\lra-volume-i\volume-i\axiom-systems\notes\models\models.tex
def:signature-constant-symbol	F:\repos\lra-volume-i\volume-i\axiom-systems\notes\signatures\signature.tex
def:signature-function-symbol	F:\repos\lra-volume-i\volume-i\axiom-systems\notes\signatures\signature.tex
def:relation-symbol	F:\repos\lra-volume-i\volume-i\axiom-systems\notes\signatures\signature.tex
def:signature	F:\repos\lra-volume-i\volume-i\axiom-systems\notes\signatures\signature.tex
def:arity	F:\repos\lra-volume-i\volume-i\axiom-systems\notes\signatures\signature.tex
def:language	F:\repos\lra-volume-i\volume-i\axiom-systems\notes\signatures\signature.tex
def:axiom-systems-consequence	F:\repos\lra-volume-i\volume-i\axiom-systems\notes\theories\theories.tex
def:deductive-closure	F:\repos\lra-volume-i\volume-i\axiom-systems\notes\theories\theories.tex
def:axiom-systems-theory	F:\repos\lra-volume-i\volume-i\axiom-systems\notes\theories\theories.tex
def:axiom-systems-theorem	F:\repos\lra-volume-i\volume-i\axiom-systems\notes\theories\theories.tex
thm:eq-trans	F:\repos\lra-volume-i\volume-i\predicate-logic\notes\proof-theory\notes-equality.tex
thm:eq-term	F:\repos\lra-volume-i\volume-i\predicate-logic\notes\proof-theory\notes-equality.tex
thm:eq-pred	F:\repos\lra-volume-i\volume-i\predicate-logic\notes\proof-theory\notes-equality.tex
def:eq-refl	F:\repos\lra-volume-i\volume-i\predicate-logic\notes\proof-theory\notes-equality.tex
def:eq-elim	F:\repos\lra-volume-i\volume-i\predicate-logic\notes\proof-theory\notes-equality.tex
thm:eq-sym	F:\repos\lra-volume-i\volume-i\predicate-logic\notes\proof-theory\notes-equality.tex
def:ei	F:\repos\lra-volume-i\volume-i\predicate-logic\notes\proof-theory\notes-inference-rules.tex
def:eg	F:\repos\lra-volume-i\volume-i\predicate-logic\notes\proof-theory\notes-inference-rules.tex
def:ui	F:\repos\lra-volume-i\volume-i\predicate-logic\notes\proof-theory\notes-inference-rules.tex
def:ug	F:\repos\lra-volume-i\volume-i\predicate-logic\notes\proof-theory\notes-inference-rules.tex
thm:fol-sound	F:\repos\lra-volume-i\volume-i\predicate-logic\notes\proof-theory\notes-soundness-completeness.tex
thm:godel-complete	F:\repos\lra-volume-i\volume-i\predicate-logic\notes\proof-theory\notes-soundness-completeness.tex
def:fol-soundness	F:\repos\lra-volume-i\volume-i\predicate-logic\notes\proof-theory\notes-soundness-completeness.tex
def:fol-completeness	F:\repos\lra-volume-i\volume-i\predicate-logic\notes\proof-theory\notes-soundness-completeness.tex
def:open-formula-quantifiers	F:\repos\lra-volume-i\volume-i\predicate-logic\notes\quantifiers\notes-basic-quantifiers.tex
def:quantifier-scope	F:\repos\lra-volume-i\volume-i\predicate-logic\notes\quantifiers\notes-basic-quantifiers.tex
thm:neg-bounded	F:\repos\lra-volume-i\volume-i\predicate-logic\notes\quantifiers\notes-basic-quantifiers.tex
def:sentence-predicate-logic	F:\repos\lra-volume-i\volume-i\predicate-logic\notes\quantifiers\notes-basic-quantifiers.tex
def:universal-q	F:\repos\lra-volume-i\volume-i\predicate-logic\notes\quantifiers\notes-basic-quantifiers.tex
def:existential-q	F:\repos\lra-volume-i\volume-i\predicate-logic\notes\quantifiers\notes-basic-quantifiers.tex
def:bounded-q	F:\repos\lra-volume-i\volume-i\predicate-logic\notes\quantifiers\notes-basic-quantifiers.tex
thm:existential-not-universal	F:\repos\lra-volume-i\volume-i\predicate-logic\notes\quantifiers\notes-logical-strength.tex
thm:uniform-witness-implies-dependent-witness	F:\repos\lra-volume-i\volume-i\predicate-logic\notes\quantifiers\notes-logical-strength.tex
thm:dependent-witness-not-uniform	F:\repos\lra-volume-i\volume-i\predicate-logic\notes\quantifiers\notes-logical-strength.tex
thm:universal-implies-existential	F:\repos\lra-volume-i\volume-i\predicate-logic\notes\quantifiers\notes-logical-strength.tex
def:strength	F:\repos\lra-volume-i\volume-i\predicate-logic\notes\quantifiers\notes-logical-strength.tex
def:weaker-formula	F:\repos\lra-volume-i\volume-i\predicate-logic\notes\quantifiers\notes-logical-strength.tex
def:q-alt	F:\repos\lra-volume-i\volume-i\predicate-logic\notes\quantifiers\notes-logical-strength.tex
def:pnf	F:\repos\lra-volume-i\volume-i\predicate-logic\notes\quantifiers\notes-prenex.tex
thm:pnf	F:\repos\lra-volume-i\volume-i\predicate-logic\notes\quantifiers\notes-prenex.tex
def:prenex-formula	F:\repos\lra-volume-i\volume-i\predicate-logic\notes\quantifiers\notes-prenex.tex
def:quantifier-prefix	F:\repos\lra-volume-i\volume-i\predicate-logic\notes\quantifiers\notes-prenex.tex
def:matrix-prenex	F:\repos\lra-volume-i\volume-i\predicate-logic\notes\quantifiers\notes-prenex.tex
thm:invalid-quantifier-distribution	F:\repos\lra-volume-i\volume-i\predicate-logic\notes\quantifiers\notes-quantifier-laws.tex
thm:qdist	F:\repos\lra-volume-i\volume-i\predicate-logic\notes\quantifiers\notes-quantifier-laws.tex
thm:rename	F:\repos\lra-volume-i\volume-i\predicate-logic\notes\quantifiers\notes-quantifier-laws.tex
thm:vacuous	F:\repos\lra-volume-i\volume-i\predicate-logic\notes\quantifiers\notes-quantifier-laws.tex
thm:quantifier-double-negation	F:\repos\lra-volume-i\volume-i\predicate-logic\notes\quantifiers\notes-quantifier-laws.tex
thm:qneg	F:\repos\lra-volume-i\volume-i\predicate-logic\notes\quantifiers\notes-quantifier-laws.tex
thm:mixed-quantifiers-do-not-commute	F:\repos\lra-volume-i\volume-i\predicate-logic\notes\quantifiers\notes-quantifier-laws.tex
thm:qcomm	F:\repos\lra-volume-i\volume-i\predicate-logic\notes\quantifiers\notes-quantifier-laws.tex
def:log-consequence	F:\repos\lra-volume-i\volume-i\predicate-logic\notes\semantics\notes-models-theories.tex
def:log-equiv	F:\repos\lra-volume-i\volume-i\predicate-logic\notes\semantics\notes-models-theories.tex
def:theory	F:\repos\lra-volume-i\volume-i\predicate-logic\notes\semantics\notes-models-theories.tex
def:model	F:\repos\lra-volume-i\volume-i\predicate-logic\notes\semantics\notes-models-theories.tex
def:model-theory-set	F:\repos\lra-volume-i\volume-i\predicate-logic\notes\semantics\notes-models-theories.tex
lem:subst-terms	F:\repos\lra-volume-i\volume-i\predicate-logic\notes\semantics\notes-predicates-lemmas.tex
lem:subst-formulas	F:\repos\lra-volume-i\volume-i\predicate-logic\notes\semantics\notes-predicates-lemmas.tex
def:predicate	F:\repos\lra-volume-i\volume-i\predicate-logic\notes\semantics\notes-predicates-lemmas.tex
def:definable-relation	F:\repos\lra-volume-i\volume-i\predicate-logic\notes\semantics\notes-predicates-lemmas.tex
def:validity	F:\repos\lra-volume-i\volume-i\predicate-logic\notes\semantics\notes-satisfaction.tex
def:fol-satisfiability	F:\repos\lra-volume-i\volume-i\predicate-logic\notes\semantics\notes-satisfaction.tex
def:fol-satisfaction	F:\repos\lra-volume-i\volume-i\predicate-logic\notes\semantics\notes-satisfaction.tex
def:truth-structure	F:\repos\lra-volume-i\volume-i\predicate-logic\notes\semantics\notes-satisfaction.tex
def:mod-assign	F:\repos\lra-volume-i\volume-i\predicate-logic\notes\semantics\notes-structures.tex
def:term-interp	F:\repos\lra-volume-i\volume-i\predicate-logic\notes\semantics\notes-structures.tex
def:var-assign	F:\repos\lra-volume-i\volume-i\predicate-logic\notes\semantics\notes-structures.tex
def:fo-language	F:\repos\lra-volume-i\volume-i\predicate-logic\notes\semantics\notes-structures.tex
def:structure	F:\repos\lra-volume-i\volume-i\predicate-logic\notes\semantics\notes-structures.tex
def:formula-depth	F:\repos\lra-volume-i\volume-i\predicate-logic\notes\syntax\notes-formula-depth.tex
def:atomic-formula	F:\repos\lra-volume-i\volume-i\predicate-logic\notes\syntax\notes-terms-formulas.tex
def:term	F:\repos\lra-volume-i\volume-i\predicate-logic\notes\syntax\notes-terms-formulas.tex
def:molecular	F:\repos\lra-volume-i\volume-i\predicate-logic\notes\syntax\notes-terms-formulas.tex
def:wff-pred	F:\repos\lra-volume-i\volume-i\predicate-logic\notes\syntax\notes-terms-formulas.tex
def:constant-symbol	F:\repos\lra-volume-i\volume-i\predicate-logic\notes\syntax\notes-terms-formulas.tex
def:variable	F:\repos\lra-volume-i\volume-i\predicate-logic\notes\syntax\notes-terms-formulas.tex
def:predicate-symbol	F:\repos\lra-volume-i\volume-i\predicate-logic\notes\syntax\notes-terms-formulas.tex
def:function-symbol	F:\repos\lra-volume-i\volume-i\predicate-logic\notes\syntax\notes-terms-formulas.tex
def:subst-notation	F:\repos\lra-volume-i\volume-i\predicate-logic\notes\syntax\notes-variables-substitution.tex
def:free-for	F:\repos\lra-volume-i\volume-i\predicate-logic\notes\syntax\notes-variables-substitution.tex
def:alpha-equiv	F:\repos\lra-volume-i\volume-i\predicate-logic\notes\syntax\notes-variables-substitution.tex
def:sentence	F:\repos\lra-volume-i\volume-i\predicate-logic\notes\syntax\notes-variables-substitution.tex
def:scope	F:\repos\lra-volume-i\volume-i\predicate-logic\notes\syntax\notes-variables-substitution.tex
def:bound-free	F:\repos\lra-volume-i\volume-i\predicate-logic\notes\syntax\notes-variables-substitution.tex
def:fv	F:\repos\lra-volume-i\volume-i\predicate-logic\notes\syntax\notes-variables-substitution.tex
prop:conditional-translation-pattern	F:\repos\lra-volume-i\volume-i\predicate-logic\notes\translation\notes-english-to-logic.tex
prop:existential-translation-pattern	F:\repos\lra-volume-i\volume-i\predicate-logic\notes\translation\notes-english-to-logic.tex
def:scope-ambiguity-translation	F:\repos\lra-volume-i\volume-i\predicate-logic\notes\translation\notes-english-to-logic.tex
prop:negation-translation-pattern	F:\repos\lra-volume-i\volume-i\predicate-logic\notes\translation\notes-english-to-logic.tex
prop:universal-translation-pattern	F:\repos\lra-volume-i\volume-i\predicate-logic\notes\translation\notes-english-to-logic.tex
def:domain-of-discourse-predicate-logic	F:\repos\lra-volume-i\volume-i\predicate-logic\notes\translation\notes-english-to-logic.tex
def:translation-key-predicate-logic	F:\repos\lra-volume-i\volume-i\predicate-logic\notes\translation\notes-english-to-logic.tex
def:translation-constants-variables	F:\repos\lra-volume-i\volume-i\predicate-logic\notes\translation\notes-english-to-logic.tex
def:translation-predicate-relation-symbol	F:\repos\lra-volume-i\volume-i\predicate-logic\notes\translation\notes-english-to-logic.tex
prop:a-o-contradictory-predicate-logic	F:\repos\lra-volume-i\volume-i\predicate-logic\notes\translation\notes-square-of-opposition.tex
prop:e-i-contradictory-predicate-logic	F:\repos\lra-volume-i\volume-i\predicate-logic\notes\translation\notes-square-of-opposition.tex
prop:existential-import-contrariety-predicate-logic	F:\repos\lra-volume-i\volume-i\predicate-logic\notes\translation\notes-square-of-opposition.tex
def:categorical-o-form-predicate-logic	F:\repos\lra-volume-i\volume-i\predicate-logic\notes\translation\notes-square-of-opposition.tex
def:categorical-a-form-predicate-logic	F:\repos\lra-volume-i\volume-i\predicate-logic\notes\translation\notes-square-of-opposition.tex
def:categorical-e-form-predicate-logic	F:\repos\lra-volume-i\volume-i\predicate-logic\notes\translation\notes-square-of-opposition.tex
def:categorical-i-form-predicate-logic	F:\repos\lra-volume-i\volume-i\predicate-logic\notes\translation\notes-square-of-opposition.tex
prf:eq-pred	F:\repos\lra-volume-i\volume-i\predicate-logic\proofs\proof-theory\prf-eq-pred.tex
prf:eq-sym	F:\repos\lra-volume-i\volume-i\predicate-logic\proofs\proof-theory\prf-eq-sym.tex
prf:eq-term	F:\repos\lra-volume-i\volume-i\predicate-logic\proofs\proof-theory\prf-eq-term.tex
prf:eq-trans	F:\repos\lra-volume-i\volume-i\predicate-logic\proofs\proof-theory\prf-eq-trans.tex
prf:fol-sound	F:\repos\lra-volume-i\volume-i\predicate-logic\proofs\proof-theory\prf-fol-sound.tex
prf:dependent-witness-not-uniform	F:\repos\lra-volume-i\volume-i\predicate-logic\proofs\quantifiers\prf-dependent-witness-not-uniform.tex
prf:existential-not-universal	F:\repos\lra-volume-i\volume-i\predicate-logic\proofs\quantifiers\prf-existential-not-universal.tex
prf:invalid-quantifier-distribution	F:\repos\lra-volume-i\volume-i\predicate-logic\proofs\quantifiers\prf-invalid-quantifier-distribution.tex
prf:mixed-quantifiers-do-not-commute	F:\repos\lra-volume-i\volume-i\predicate-logic\proofs\quantifiers\prf-mixed-quantifiers-do-not-commute.tex
prf:neg-bounded	F:\repos\lra-volume-i\volume-i\predicate-logic\proofs\quantifiers\prf-neg-bounded.tex
prf:pnf	F:\repos\lra-volume-i\volume-i\predicate-logic\proofs\quantifiers\prf-pnf.tex
prf:qcomm	F:\repos\lra-volume-i\volume-i\predicate-logic\proofs\quantifiers\prf-qcomm.tex
prf:qdist	F:\repos\lra-volume-i\volume-i\predicate-logic\proofs\quantifiers\prf-qdist.tex
prf:qneg	F:\repos\lra-volume-i\volume-i\predicate-logic\proofs\quantifiers\prf-qneg.tex
prf:quantifier-double-negation	F:\repos\lra-volume-i\volume-i\predicate-logic\proofs\quantifiers\prf-quantifier-double-negation.tex
prf:rename	F:\repos\lra-volume-i\volume-i\predicate-logic\proofs\quantifiers\prf-rename.tex
prf:uniform-witness-implies-dependent-witness	F:\repos\lra-volume-i\volume-i\predicate-logic\proofs\quantifiers\prf-uniform-witness-implies-dependent-witness.tex
prf:universal-implies-existential	F:\repos\lra-volume-i\volume-i\predicate-logic\proofs\quantifiers\prf-universal-implies-existential.tex
prf:vacuous	F:\repos\lra-volume-i\volume-i\predicate-logic\proofs\quantifiers\prf-vacuous.tex
prf:subst-formulas	F:\repos\lra-volume-i\volume-i\predicate-logic\proofs\semantics\prf-subst-formulas.tex
prf:subst-terms	F:\repos\lra-volume-i\volume-i\predicate-logic\proofs\semantics\prf-subst-terms.tex
prf:a-o-contradictory-predicate-logic	F:\repos\lra-volume-i\volume-i\predicate-logic\proofs\translation\prf-a-o-contradictory-predicate-logic.tex
prf:conditional-translation-pattern	F:\repos\lra-volume-i\volume-i\predicate-logic\proofs\translation\prf-conditional-translation-pattern.tex
prf:e-i-contradictory-predicate-logic	F:\repos\lra-volume-i\volume-i\predicate-logic\proofs\translation\prf-e-i-contradictory-predicate-logic.tex
prf:existential-import-contrariety-predicate-logic	F:\repos\lra-volume-i\volume-i\predicate-logic\proofs\translation\prf-existential-import-contrariety-predicate-logic.tex
prf:existential-translation-pattern	F:\repos\lra-volume-i\volume-i\predicate-logic\proofs\translation\prf-existential-translation-pattern.tex
prf:negation-translation-pattern	F:\repos\lra-volume-i\volume-i\predicate-logic\proofs\translation\prf-negation-translation-pattern.tex
prf:universal-translation-pattern	F:\repos\lra-volume-i\volume-i\predicate-logic\proofs\translation\prf-universal-translation-pattern.tex
prop:induction-well-ordering-equivalent	F:\repos\lra-volume-i\volume-i\proof-techniques\notes\induction\notes-ind-wellordering.tex
prf:induction-well-ordering-equivalent	F:\repos\lra-volume-i\volume-i\proof-techniques\proofs\induction\prf-induction-well-ordering-equivalent.tex
thm:conditional-equivalence-laws-propositional-logic	F:\repos\lra-volume-i\volume-i\propositional-logic\notes\algebra\notes-algebra.tex
thm:absorption-laws-propositional-logic	F:\repos\lra-volume-i\volume-i\propositional-logic\notes\algebra\notes-algebra.tex
thm:biconditional-equivalence-laws-propositional-logic	F:\repos\lra-volume-i\volume-i\propositional-logic\notes\algebra\notes-algebra.tex
thm:replacement-of-logical-equivalents-propositional-logic	F:\repos\lra-volume-i\volume-i\propositional-logic\notes\algebra\notes-algebra.tex
def:formula-context-propositional-logic	F:\repos\lra-volume-i\volume-i\propositional-logic\notes\algebra\notes-algebra.tex
thm:distributive-laws-propositional-logic	F:\repos\lra-volume-i\volume-i\propositional-logic\notes\algebra\notes-algebra.tex
thm:logical-equivalence-equivalence-relation	F:\repos\lra-volume-i\volume-i\propositional-logic\notes\algebra\notes-algebra.tex
def:propositional-equivalence-law	F:\repos\lra-volume-i\volume-i\propositional-logic\notes\algebra\notes-algebra.tex
thm:basic-boolean-equivalence-laws-propositional-logic	F:\repos\lra-volume-i\volume-i\propositional-logic\notes\algebra\notes-algebra.tex
thm:de-morgan-laws-propositional-logic	F:\repos\lra-volume-i\volume-i\propositional-logic\notes\algebra\notes-algebra.tex
thm:identity-domination-laws-propositional-logic	F:\repos\lra-volume-i\volume-i\propositional-logic\notes\algebra\notes-algebra.tex
def:counterexample-assignment-propositional-logic	F:\repos\lra-volume-i\volume-i\propositional-logic\notes\argument-forms\argument-forms.tex
thm:truth-table-validity-test-argument-forms-propositional-logic	F:\repos\lra-volume-i\volume-i\propositional-logic\notes\argument-forms\argument-forms.tex
def:argument-form-propositional-logic	F:\repos\lra-volume-i\volume-i\propositional-logic\notes\argument-forms\argument-forms.tex
def:valid-argument-form-propositional-logic	F:\repos\lra-volume-i\volume-i\propositional-logic\notes\argument-forms\argument-forms.tex
def:informal-proof-pattern-propositional-logic	F:\repos\lra-volume-i\volume-i\propositional-logic\notes\argument-forms\informal-proof-patterns.tex
thm:denying-antecedent-invalid-propositional-logic	F:\repos\lra-volume-i\volume-i\propositional-logic\notes\argument-forms\invalid-argument-forms.tex
thm:affirming-consequent-invalid-propositional-logic	F:\repos\lra-volume-i\volume-i\propositional-logic\notes\argument-forms\invalid-argument-forms.tex
thm:replacement-rules-preserve-logical-equivalence-propositional-logic	F:\repos\lra-volume-i\volume-i\propositional-logic\notes\argument-forms\rules-of-replacement.tex
def:rule-of-replacement-propositional-logic	F:\repos\lra-volume-i\volume-i\propositional-logic\notes\argument-forms\rules-of-replacement.tex
thm:tautological-implication-valid-argument-form-propositional-logic	F:\repos\lra-volume-i\volume-i\propositional-logic\notes\argument-forms\semantic-justification.tex
thm:conjunction-introduction-validity-propositional-logic	F:\repos\lra-volume-i\volume-i\propositional-logic\notes\argument-forms\valid-inference-patterns.tex
thm:simplification-validity-propositional-logic	F:\repos\lra-volume-i\volume-i\propositional-logic\notes\argument-forms\valid-inference-patterns.tex
thm:destructive-dilemma-validity-propositional-logic	F:\repos\lra-volume-i\volume-i\propositional-logic\notes\argument-forms\valid-inference-patterns.tex
thm:constructive-dilemma-validity-propositional-logic	F:\repos\lra-volume-i\volume-i\propositional-logic\notes\argument-forms\valid-inference-patterns.tex
thm:addition-validity-propositional-logic	F:\repos\lra-volume-i\volume-i\propositional-logic\notes\argument-forms\valid-inference-patterns.tex
thm:modus-tollens-validity-propositional-logic	F:\repos\lra-volume-i\volume-i\propositional-logic\notes\argument-forms\valid-inference-patterns.tex
thm:modus-ponens-validity-propositional-logic	F:\repos\lra-volume-i\volume-i\propositional-logic\notes\argument-forms\valid-inference-patterns.tex
thm:disjunctive-syllogism-validity-propositional-logic	F:\repos\lra-volume-i\volume-i\propositional-logic\notes\argument-forms\valid-inference-patterns.tex
thm:hypothetical-syllogism-validity-propositional-logic	F:\repos\lra-volume-i\volume-i\propositional-logic\notes\argument-forms\valid-inference-patterns.tex
def:finite-subset-of-set-of-propositional-formulas	F:\repos\lra-volume-i\volume-i\propositional-logic\notes\compactness-preview\finitely-satisfiable-sets.tex
def:finitely-satisfiable-set-of-propositional-formulas	F:\repos\lra-volume-i\volume-i\propositional-logic\notes\compactness-preview\finitely-satisfiable-sets.tex
def:finite-unsatisfiability-witness-propositional-logic	F:\repos\lra-volume-i\volume-i\propositional-logic\notes\compactness-preview\finite-unsatisfiability-witness.tex
def:unsatisfiability-witness-propositional-logic	F:\repos\lra-volume-i\volume-i\propositional-logic\notes\compactness-preview\finite-unsatisfiability-witness.tex
thm:finite-unsatisfiability-witness-propositional-logic	F:\repos\lra-volume-i\volume-i\propositional-logic\notes\compactness-preview\finite-unsatisfiability-witness.tex
cor:finite-unsatisfiability-witness-contrapositive-propositional-logic	F:\repos\lra-volume-i\volume-i\propositional-logic\notes\compactness-preview\finite-unsatisfiability-witness.tex
thm:propositional-compactness	F:\repos\lra-volume-i\volume-i\propositional-logic\notes\compactness-preview\propositional-compactness.tex
def:unsatisfiable-set-of-propositional-formulas	F:\repos\lra-volume-i\volume-i\propositional-logic\notes\compactness-preview\satisfiable-sets.tex
def:satisfiable-set-of-propositional-formulas	F:\repos\lra-volume-i\volume-i\propositional-logic\notes\compactness-preview\satisfiable-sets.tex
thm:dnf-representation-of-boolean-functions-propositional-logic	F:\repos\lra-volume-i\volume-i\propositional-logic\notes\functional-completeness\boolean-functions.tex
def:boolean-function-representation-propositional-logic	F:\repos\lra-volume-i\volume-i\propositional-logic\notes\functional-completeness\boolean-functions.tex
def:functionally-complete-connective-set-propositional-logic	F:\repos\lra-volume-i\volume-i\propositional-logic\notes\functional-completeness\connective-bases.tex
def:expressively-equivalent-connective-sets-propositional-logic	F:\repos\lra-volume-i\volume-i\propositional-logic\notes\functional-completeness\connective-bases.tex
def:connective-basis-propositional-logic	F:\repos\lra-volume-i\volume-i\propositional-logic\notes\functional-completeness\connective-bases.tex
def:definable-connective-propositional-logic	F:\repos\lra-volume-i\volume-i\propositional-logic\notes\functional-completeness\connective-bases.tex
thm:conjunction-disjunction-not-functionally-complete-propositional-logic	F:\repos\lra-volume-i\volume-i\propositional-logic\notes\functional-completeness\incomplete-connective-sets.tex
def:monotone-boolean-function-propositional-logic	F:\repos\lra-volume-i\volume-i\propositional-logic\notes\functional-completeness\incomplete-connective-sets.tex
def:incomplete-connective-set-propositional-logic	F:\repos\lra-volume-i\volume-i\propositional-logic\notes\functional-completeness\incomplete-connective-sets.tex
thm:nand-nor-minimal-complete-bases-propositional-logic	F:\repos\lra-volume-i\volume-i\propositional-logic\notes\functional-completeness\minimal-complete-bases.tex
def:minimal-complete-basis-propositional-logic	F:\repos\lra-volume-i\volume-i\propositional-logic\notes\functional-completeness\minimal-complete-bases.tex
thm:nand-functionally-complete-propositional-logic	F:\repos\lra-volume-i\volume-i\propositional-logic\notes\functional-completeness\nand.tex
def:nand-only-formula-propositional-logic	F:\repos\lra-volume-i\volume-i\propositional-logic\notes\functional-completeness\nand.tex
def:nand-connective-propositional-logic	F:\repos\lra-volume-i\volume-i\propositional-logic\notes\functional-completeness\nand.tex
thm:nor-functionally-complete-propositional-logic	F:\repos\lra-volume-i\volume-i\propositional-logic\notes\functional-completeness\nor.tex
def:nor-only-formula-propositional-logic	F:\repos\lra-volume-i\volume-i\propositional-logic\notes\functional-completeness\nor.tex
def:nor-connective-propositional-logic	F:\repos\lra-volume-i\volume-i\propositional-logic\notes\functional-completeness\nor.tex
def:connective-reduction-propositional-logic	F:\repos\lra-volume-i\volume-i\propositional-logic\notes\functional-completeness\reduction-of-connectives.tex
thm:negation-disjunction-functionally-complete-propositional-logic	F:\repos\lra-volume-i\volume-i\propositional-logic\notes\functional-completeness\standard-connectives.tex
thm:negation-conjunction-functionally-complete-propositional-logic	F:\repos\lra-volume-i\volume-i\propositional-logic\notes\functional-completeness\standard-connectives.tex
thm:standard-connectives-functionally-complete-propositional-logic	F:\repos\lra-volume-i\volume-i\propositional-logic\notes\functional-completeness\standard-connectives.tex
def:canonical-conjunctive-normal-form-propositional-logic	F:\repos\lra-volume-i\volume-i\propositional-logic\notes\normal-forms\canonical-normal-forms.tex
thm:canonical-disjunctive-normal-form-propositional-logic	F:\repos\lra-volume-i\volume-i\propositional-logic\notes\normal-forms\canonical-normal-forms.tex
thm:canonical-conjunctive-normal-form-propositional-logic	F:\repos\lra-volume-i\volume-i\propositional-logic\notes\normal-forms\canonical-normal-forms.tex
def:truth-table-row-conjunction-propositional-logic	F:\repos\lra-volume-i\volume-i\propositional-logic\notes\normal-forms\canonical-normal-forms.tex
def:truth-table-row-clause-propositional-logic	F:\repos\lra-volume-i\volume-i\propositional-logic\notes\normal-forms\canonical-normal-forms.tex
def:canonical-disjunctive-normal-form-propositional-logic	F:\repos\lra-volume-i\volume-i\propositional-logic\notes\normal-forms\canonical-normal-forms.tex
def:conjunctive-normal-form-propositional-logic	F:\repos\lra-volume-i\volume-i\propositional-logic\notes\normal-forms\conjunctive-normal-form.tex
thm:existence-conjunctive-normal-form-propositional-logic	F:\repos\lra-volume-i\volume-i\propositional-logic\notes\normal-forms\conjunctive-normal-form.tex
def:elementary-disjunction-propositional-logic	F:\repos\lra-volume-i\volume-i\propositional-logic\notes\normal-forms\conjunctive-normal-form.tex
def:maxterm-propositional-logic	F:\repos\lra-volume-i\volume-i\propositional-logic\notes\normal-forms\conjunctive-normal-form.tex
thm:existence-disjunctive-normal-form-propositional-logic	F:\repos\lra-volume-i\volume-i\propositional-logic\notes\normal-forms\disjunctive-normal-form.tex
thm:dnf-satisfiability-criterion-propositional-logic	F:\repos\lra-volume-i\volume-i\propositional-logic\notes\normal-forms\disjunctive-normal-form.tex
def:disjunctive-normal-form-propositional-logic	F:\repos\lra-volume-i\volume-i\propositional-logic\notes\normal-forms\disjunctive-normal-form.tex
def:elementary-conjunction-propositional-logic	F:\repos\lra-volume-i\volume-i\propositional-logic\notes\normal-forms\disjunctive-normal-form.tex
def:minterm-propositional-logic	F:\repos\lra-volume-i\volume-i\propositional-logic\notes\normal-forms\disjunctive-normal-form.tex
def:term-propositional-logic	F:\repos\lra-volume-i\volume-i\propositional-logic\notes\normal-forms\literals-clauses.tex
def:clause-propositional-logic	F:\repos\lra-volume-i\volume-i\propositional-logic\notes\normal-forms\literals-clauses.tex
def:empty-conjunction-propositional-logic	F:\repos\lra-volume-i\volume-i\propositional-logic\notes\normal-forms\literals-clauses.tex
def:empty-clause-propositional-logic	F:\repos\lra-volume-i\volume-i\propositional-logic\notes\normal-forms\literals-clauses.tex
def:positive-literal-propositional-logic	F:\repos\lra-volume-i\volume-i\propositional-logic\notes\normal-forms\literals-clauses.tex
def:literal-propositional-logic	F:\repos\lra-volume-i\volume-i\propositional-logic\notes\normal-forms\literals-clauses.tex
def:complementary-literals-propositional-logic	F:\repos\lra-volume-i\volume-i\propositional-logic\notes\normal-forms\literals-clauses.tex
def:negative-literal-propositional-logic	F:\repos\lra-volume-i\volume-i\propositional-logic\notes\normal-forms\literals-clauses.tex
thm:existence-negation-normal-form-propositional-logic	F:\repos\lra-volume-i\volume-i\propositional-logic\notes\normal-forms\negation-normal-form.tex
def:nnf-conversion-procedure-propositional-logic	F:\repos\lra-volume-i\volume-i\propositional-logic\notes\normal-forms\negation-normal-form.tex
def:negation-normal-form-propositional-logic	F:\repos\lra-volume-i\volume-i\propositional-logic\notes\normal-forms\negation-normal-form.tex
thm:normal-form-semantic-classification-propositional-logic	F:\repos\lra-volume-i\volume-i\propositional-logic\notes\normal-forms\semantic-classification.tex
def:logical-consequence-propositional-logic	F:\repos\lra-volume-i\volume-i\propositional-logic\notes\semantics\notes-semantics.tex
def:logical-equivalence-propositional-logic	F:\repos\lra-volume-i\volume-i\propositional-logic\notes\semantics\notes-semantics.tex
def:satisfiable-formula-propositional-logic	F:\repos\lra-volume-i\volume-i\propositional-logic\notes\semantics\notes-semantics.tex
def:contingency-propositional-logic	F:\repos\lra-volume-i\volume-i\propositional-logic\notes\semantics\notes-semantics.tex
lem:coincidence-lemma-propositional-logic	F:\repos\lra-volume-i\volume-i\propositional-logic\notes\semantics\notes-semantics.tex
def:truth-function-induced-by-formula	F:\repos\lra-volume-i\volume-i\propositional-logic\notes\semantics\notes-semantics.tex
thm:counting-boolean-functions	F:\repos\lra-volume-i\volume-i\propositional-logic\notes\semantics\notes-semantics.tex
thm:finite-truth-table-propositional-logic	F:\repos\lra-volume-i\volume-i\propositional-logic\notes\semantics\notes-semantics.tex
def:boolean-function-propositional-logic	F:\repos\lra-volume-i\volume-i\propositional-logic\notes\semantics\notes-semantics.tex
def:extended-truth-assignment-propositional-logic	F:\repos\lra-volume-i\volume-i\propositional-logic\notes\semantics\notes-semantics.tex
thm:unique-extension-truth-assignment-propositional-logic	F:\repos\lra-volume-i\volume-i\propositional-logic\notes\semantics\notes-semantics.tex
def:truth-assignment-propositional-logic	F:\repos\lra-volume-i\volume-i\propositional-logic\notes\semantics\notes-semantics.tex
def:truth-assignment-domain-propositional-logic	F:\repos\lra-volume-i\volume-i\propositional-logic\notes\semantics\notes-semantics.tex
def:satisfaction-propositional-formula	F:\repos\lra-volume-i\volume-i\propositional-logic\notes\semantics\notes-semantics.tex
def:tautology-propositional-logic	F:\repos\lra-volume-i\volume-i\propositional-logic\notes\semantics\notes-semantics.tex
def:contradiction-propositional-logic	F:\repos\lra-volume-i\volume-i\propositional-logic\notes\semantics\notes-semantics.tex
def:satisfaction-set-propositional-logic	F:\repos\lra-volume-i\volume-i\propositional-logic\notes\semantics\notes-semantics.tex
def:truth-table-propositional-logic	F:\repos\lra-volume-i\volume-i\propositional-logic\notes\semantics\notes-semantics.tex
thm:unique-syntax-tree-propositional-formulas	F:\repos\lra-volume-i\volume-i\propositional-logic\notes\syntax\notes-syntax.tex
def:formula-variable-set-propositional-logic	F:\repos\lra-volume-i\volume-i\propositional-logic\notes\syntax\notes-syntax.tex
def:subformula-propositional-logic	F:\repos\lra-volume-i\volume-i\propositional-logic\notes\syntax\notes-syntax.tex
lem:constructor-injectivity-propositional-formulas	F:\repos\lra-volume-i\volume-i\propositional-logic\notes\syntax\notes-syntax.tex
thm:unique-decomposition-propositional-formulas	F:\repos\lra-volume-i\volume-i\propositional-logic\notes\syntax\notes-syntax.tex
def:parse-tree-propositional-logic	F:\repos\lra-volume-i\volume-i\propositional-logic\notes\syntax\notes-syntax.tex
lem:proper-subformula-depth-propositional-logic	F:\repos\lra-volume-i\volume-i\propositional-logic\notes\syntax\notes-syntax.tex
lem:finiteness-of-variables-propositional-formulas	F:\repos\lra-volume-i\volume-i\propositional-logic\notes\syntax\notes-syntax.tex
lem:finiteness-of-subformulas-propositional-formulas	F:\repos\lra-volume-i\volume-i\propositional-logic\notes\syntax\notes-syntax.tex
def:proper-subformula	F:\repos\lra-volume-i\volume-i\propositional-logic\notes\syntax\notes-syntax.tex
def:formula-depth-propositional-logic	F:\repos\lra-volume-i\volume-i\propositional-logic\notes\syntax\notes-syntax.tex
def:connective-count-propositional-logic	F:\repos\lra-volume-i\volume-i\propositional-logic\notes\syntax\notes-syntax.tex
lem:constructor-disjointness-propositional-formulas	F:\repos\lra-volume-i\volume-i\propositional-logic\notes\syntax\notes-syntax.tex
def:logical-connective	F:\repos\lra-volume-i\volume-i\propositional-logic\notes\syntax\notes-syntax.tex
def:well-formed-formula	F:\repos\lra-volume-i\volume-i\propositional-logic\notes\syntax\notes-syntax.tex
lem:closure-under-formation-propositional-formulas	F:\repos\lra-volume-i\volume-i\propositional-logic\notes\syntax\notes-syntax.tex
def:truth-value-propositional-logic	F:\repos\lra-volume-i\volume-i\propositional-logic\notes\syntax\notes-syntax.tex
def:propositional-language	F:\repos\lra-volume-i\volume-i\propositional-logic\notes\syntax\notes-syntax.tex
def:propositional-variable	F:\repos\lra-volume-i\volume-i\propositional-logic\notes\syntax\notes-syntax.tex
def:main-connective-propositional-logic	F:\repos\lra-volume-i\volume-i\propositional-logic\notes\syntax\notes-syntax.tex
thm:structural-induction-propositional-formulas	F:\repos\lra-volume-i\volume-i\propositional-logic\notes\syntax\notes-syntax.tex
thm:structural-recursion-propositional-formulas	F:\repos\lra-volume-i\volume-i\propositional-logic\notes\syntax\notes-syntax.tex
thm:minimality-of-well-formed-formulas	F:\repos\lra-volume-i\volume-i\propositional-logic\notes\syntax\notes-syntax.tex
def:atomic-formula-propositional-logic	F:\repos\lra-volume-i\volume-i\propositional-logic\notes\syntax\notes-syntax.tex
def:molecular-formula-propositional-logic	F:\repos\lra-volume-i\volume-i\propositional-logic\notes\syntax\notes-syntax.tex
prf:absorption-laws-propositional-logic	F:\repos\lra-volume-i\volume-i\propositional-logic\proofs\algebra\prf-absorption-laws-propositional-logic.tex
prf:basic-boolean-equivalence-laws-propositional-logic	F:\repos\lra-volume-i\volume-i\propositional-logic\proofs\algebra\prf-basic-boolean-equivalence-laws-propositional-logic.tex
prf:biconditional-equivalence-laws-propositional-logic	F:\repos\lra-volume-i\volume-i\propositional-logic\proofs\algebra\prf-biconditional-equivalence-laws-propositional-logic.tex
prf:conditional-equivalence-laws-propositional-logic	F:\repos\lra-volume-i\volume-i\propositional-logic\proofs\algebra\prf-conditional-equivalence-laws-propositional-logic.tex
prf:de-morgan-laws-propositional-logic	F:\repos\lra-volume-i\volume-i\propositional-logic\proofs\algebra\prf-de-morgan-laws-propositional-logic.tex
prf:distributive-laws-propositional-logic	F:\repos\lra-volume-i\volume-i\propositional-logic\proofs\algebra\prf-distributive-laws-propositional-logic.tex
prf:identity-domination-laws-propositional-logic	F:\repos\lra-volume-i\volume-i\propositional-logic\proofs\algebra\prf-identity-domination-laws-propositional-logic.tex
prf:logical-equivalence-equivalence-relation	F:\repos\lra-volume-i\volume-i\propositional-logic\proofs\algebra\prf-logical-equivalence-equivalence-relation.tex
prf:replacement-of-logical-equivalents-propositional-logic	F:\repos\lra-volume-i\volume-i\propositional-logic\proofs\algebra\prf-replacement-of-logical-equivalents-propositional-logic.tex
prf:addition-validity-propositional-logic	F:\repos\lra-volume-i\volume-i\propositional-logic\proofs\argument-forms\prf-addition-validity-propositional-logic.tex
prf:affirming-consequent-invalid-propositional-logic	F:\repos\lra-volume-i\volume-i\propositional-logic\proofs\argument-forms\prf-affirming-consequent-invalid-propositional-logic.tex
prf:conjunction-introduction-validity-propositional-logic	F:\repos\lra-volume-i\volume-i\propositional-logic\proofs\argument-forms\prf-conjunction-introduction-validity-propositional-logic.tex
prf:constructive-dilemma-validity-propositional-logic	F:\repos\lra-volume-i\volume-i\propositional-logic\proofs\argument-forms\prf-constructive-dilemma-validity-propositional-logic.tex
prf:denying-antecedent-invalid-propositional-logic	F:\repos\lra-volume-i\volume-i\propositional-logic\proofs\argument-forms\prf-denying-antecedent-invalid-propositional-logic.tex
prf:destructive-dilemma-validity-propositional-logic	F:\repos\lra-volume-i\volume-i\propositional-logic\proofs\argument-forms\prf-destructive-dilemma-validity-propositional-logic.tex
prf:disjunctive-syllogism-validity-propositional-logic	F:\repos\lra-volume-i\volume-i\propositional-logic\proofs\argument-forms\prf-disjunctive-syllogism-validity-propositional-logic.tex
prf:hypothetical-syllogism-validity-propositional-logic	F:\repos\lra-volume-i\volume-i\propositional-logic\proofs\argument-forms\prf-hypothetical-syllogism-validity-propositional-logic.tex
prf:modus-ponens-validity-propositional-logic	F:\repos\lra-volume-i\volume-i\propositional-logic\proofs\argument-forms\prf-modus-ponens-validity-propositional-logic.tex
prf:modus-tollens-validity-propositional-logic	F:\repos\lra-volume-i\volume-i\propositional-logic\proofs\argument-forms\prf-modus-tollens-validity-propositional-logic.tex
prf:replacement-rules-preserve-logical-equivalence-propositional-logic	F:\repos\lra-volume-i\volume-i\propositional-logic\proofs\argument-forms\prf-replacement-rules-preserve-logical-equivalence-propositional-logic.tex
prf:simplification-validity-propositional-logic	F:\repos\lra-volume-i\volume-i\propositional-logic\proofs\argument-forms\prf-simplification-validity-propositional-logic.tex
prf:tautological-implication-valid-argument-form-propositional-logic	F:\repos\lra-volume-i\volume-i\propositional-logic\proofs\argument-forms\prf-tautological-implication-valid-argument-form-propositional-logic.tex
prf:truth-table-validity-test-argument-forms-propositional-logic	F:\repos\lra-volume-i\volume-i\propositional-logic\proofs\argument-forms\prf-truth-table-validity-test-argument-forms-propositional-logic.tex
prf:finite-unsatisfiability-witness-contrapositive-propositional-logic	F:\repos\lra-volume-i\volume-i\propositional-logic\proofs\compactness-preview\prf-finite-unsatisfiability-witness-contrapositive-propositional-logic.tex
prf:finite-unsatisfiability-witness-propositional-logic	F:\repos\lra-volume-i\volume-i\propositional-logic\proofs\compactness-preview\prf-finite-unsatisfiability-witness-propositional-logic.tex
prf:propositional-compactness	F:\repos\lra-volume-i\volume-i\propositional-logic\proofs\compactness-preview\prf-propositional-compactness.tex
prf:conjunction-disjunction-not-functionally-complete-propositional-logic	F:\repos\lra-volume-i\volume-i\propositional-logic\proofs\functional-completeness\prf-conjunction-disjunction-not-functionally-complete-propositional-logic.tex
prf:dnf-representation-of-boolean-functions-propositional-logic	F:\repos\lra-volume-i\volume-i\propositional-logic\proofs\functional-completeness\prf-dnf-representation-of-boolean-functions-propositional-logic.tex
prf:nand-functionally-complete-propositional-logic	F:\repos\lra-volume-i\volume-i\propositional-logic\proofs\functional-completeness\prf-nand-functionally-complete-propositional-logic.tex
prf:nand-nor-minimal-complete-bases-propositional-logic	F:\repos\lra-volume-i\volume-i\propositional-logic\proofs\functional-completeness\prf-nand-nor-minimal-complete-bases-propositional-logic.tex
prf:negation-conjunction-functionally-complete-propositional-logic	F:\repos\lra-volume-i\volume-i\propositional-logic\proofs\functional-completeness\prf-negation-conjunction-functionally-complete-propositional-logic.tex
prf:negation-disjunction-functionally-complete-propositional-logic	F:\repos\lra-volume-i\volume-i\propositional-logic\proofs\functional-completeness\prf-negation-disjunction-functionally-complete-propositional-logic.tex
prf:nor-functionally-complete-propositional-logic	F:\repos\lra-volume-i\volume-i\propositional-logic\proofs\functional-completeness\prf-nor-functionally-complete-propositional-logic.tex
prf:standard-connectives-functionally-complete-propositional-logic	F:\repos\lra-volume-i\volume-i\propositional-logic\proofs\functional-completeness\prf-standard-connectives-functionally-complete-propositional-logic.tex
prf:canonical-conjunctive-normal-form-propositional-logic	F:\repos\lra-volume-i\volume-i\propositional-logic\proofs\normal-forms\prf-canonical-conjunctive-normal-form-propositional-logic.tex
prf:canonical-disjunctive-normal-form-propositional-logic	F:\repos\lra-volume-i\volume-i\propositional-logic\proofs\normal-forms\prf-canonical-disjunctive-normal-form-propositional-logic.tex
prf:dnf-satisfiability-criterion-propositional-logic	F:\repos\lra-volume-i\volume-i\propositional-logic\proofs\normal-forms\prf-dnf-satisfiability-criterion-propositional-logic.tex
prf:existence-conjunctive-normal-form-propositional-logic	F:\repos\lra-volume-i\volume-i\propositional-logic\proofs\normal-forms\prf-existence-conjunctive-normal-form-propositional-logic.tex
prf:existence-disjunctive-normal-form-propositional-logic	F:\repos\lra-volume-i\volume-i\propositional-logic\proofs\normal-forms\prf-existence-disjunctive-normal-form-propositional-logic.tex
prf:existence-negation-normal-form-propositional-logic	F:\repos\lra-volume-i\volume-i\propositional-logic\proofs\normal-forms\prf-existence-negation-normal-form-propositional-logic.tex
prf:normal-form-semantic-classification-propositional-logic	F:\repos\lra-volume-i\volume-i\propositional-logic\proofs\normal-forms\prf-normal-form-semantic-classification-propositional-logic.tex
prf:coincidence-lemma-propositional-logic	F:\repos\lra-volume-i\volume-i\propositional-logic\proofs\semantics\prf-coincidence-lemma-propositional-logic.tex
prf:counting-boolean-functions	F:\repos\lra-volume-i\volume-i\propositional-logic\proofs\semantics\prf-counting-boolean-functions.tex
prf:finite-truth-table-propositional-logic	F:\repos\lra-volume-i\volume-i\propositional-logic\proofs\semantics\prf-finite-truth-table-propositional-logic.tex
prf:unique-extension-truth-assignment-propositional-logic	F:\repos\lra-volume-i\volume-i\propositional-logic\proofs\semantics\prf-unique-extension-truth-assignment-propositional-logic.tex
prf:closure-under-formation-propositional-formulas	F:\repos\lra-volume-i\volume-i\propositional-logic\proofs\syntax\prf-closure-under-formation-propositional-formulas.tex
prf:constructor-disjointness-propositional-formulas	F:\repos\lra-volume-i\volume-i\propositional-logic\proofs\syntax\prf-constructor-disjointness-propositional-formulas.tex
prf:constructor-injectivity-propositional-formulas	F:\repos\lra-volume-i\volume-i\propositional-logic\proofs\syntax\prf-constructor-injectivity-propositional-formulas.tex
prf:finiteness-of-subformulas-propositional-formulas	F:\repos\lra-volume-i\volume-i\propositional-logic\proofs\syntax\prf-finiteness-of-subformulas-propositional-formulas.tex
prf:finiteness-of-variables-propositional-formulas	F:\repos\lra-volume-i\volume-i\propositional-logic\proofs\syntax\prf-finiteness-of-variables-propositional-formulas.tex
prf:minimality-of-well-formed-formulas	F:\repos\lra-volume-i\volume-i\propositional-logic\proofs\syntax\prf-minimality-of-well-formed-formulas.tex
prf:proper-subformula-depth-propositional-logic	F:\repos\lra-volume-i\volume-i\propositional-logic\proofs\syntax\prf-proper-subformula-depth-propositional-logic.tex
prf:structural-induction-propositional-formulas	F:\repos\lra-volume-i\volume-i\propositional-logic\proofs\syntax\prf-structural-induction-propositional-formulas.tex
prf:structural-recursion-propositional-formulas	F:\repos\lra-volume-i\volume-i\propositional-logic\proofs\syntax\prf-structural-recursion-propositional-formulas.tex
prf:unique-decomposition-propositional-formulas	F:\repos\lra-volume-i\volume-i\propositional-logic\proofs\syntax\prf-unique-decomposition-propositional-formulas.tex
prf:unique-syntax-tree-propositional-formulas	F:\repos\lra-volume-i\volume-i\propositional-logic\proofs\syntax\prf-unique-syntax-tree-propositional-formulas.tex
thm:R-uncountable	F:\repos\lra-volume-i\volume-i\sets-relations-functions\notes\cardinality\notes-cardinality.tex
thm:countable-union	F:\repos\lra-volume-i\volume-i\sets-relations-functions\notes\cardinality\notes-cardinality.tex
thm:cantor	F:\repos\lra-volume-i\volume-i\sets-relations-functions\notes\cardinality\notes-cardinality.tex
thm:schroder-bernstein	F:\repos\lra-volume-i\volume-i\sets-relations-functions\notes\cardinality\notes-cardinality.tex
def:function-space	F:\repos\lra-volume-i\volume-i\sets-relations-functions\notes\cardinality\notes-cardinality.tex
def:finite-infinite	F:\repos\lra-volume-i\volume-i\sets-relations-functions\notes\cardinality\notes-cardinality.tex
def:same-cardinality	F:\repos\lra-volume-i\volume-i\sets-relations-functions\notes\cardinality\notes-cardinality.tex
def:countable	F:\repos\lra-volume-i\volume-i\sets-relations-functions\notes\cardinality\notes-cardinality.tex
thm:Q-countable	F:\repos\lra-volume-i\volume-i\sets-relations-functions\notes\cardinality\notes-cardinality.tex
def:cardinality-order	F:\repos\lra-volume-i\volume-i\sets-relations-functions\notes\cardinality\notes-cardinality.tex
lem:rep-independence	F:\repos\lra-volume-i\volume-i\sets-relations-functions\notes\equivalence\notes-equivalence.tex
def:partition	F:\repos\lra-volume-i\volume-i\sets-relations-functions\notes\equivalence\notes-equivalence.tex
thm:quotient-universal	F:\repos\lra-volume-i\volume-i\sets-relations-functions\notes\equivalence\notes-equivalence.tex
thm:equiv-partition	F:\repos\lra-volume-i\volume-i\sets-relations-functions\notes\equivalence\notes-equivalence.tex
def:quotient-set	F:\repos\lra-volume-i\volume-i\sets-relations-functions\notes\equivalence\notes-equivalence.tex
def:equiv-class	F:\repos\lra-volume-i\volume-i\sets-relations-functions\notes\equivalence\notes-equivalence.tex
def:canonical-surj	F:\repos\lra-volume-i\volume-i\sets-relations-functions\notes\equivalence\notes-equivalence.tex
def:index	F:\repos\lra-volume-i\volume-i\sets-relations-functions\notes\equivalence\notes-equivalence.tex
def:open-cover	F:\repos\lra-volume-i\volume-i\sets-relations-functions\notes\families\notes-covers-fip.tex
def:fip	F:\repos\lra-volume-i\volume-i\sets-relations-functions\notes\families\notes-covers-fip.tex
prop:fip-duality	F:\repos\lra-volume-i\volume-i\sets-relations-functions\notes\families\notes-covers-fip.tex
def:cover-full	F:\repos\lra-volume-i\volume-i\sets-relations-functions\notes\families\notes-covers-fip.tex
def:subcover	F:\repos\lra-volume-i\volume-i\sets-relations-functions\notes\families\notes-covers-fip.tex
def:finite-cover	F:\repos\lra-volume-i\volume-i\sets-relations-functions\notes\families\notes-covers-fip.tex
def:pairwise-disjoint	F:\repos\lra-volume-i\volume-i\sets-relations-functions\notes\families\notes-families.tex
def:set-cover	F:\repos\lra-volume-i\volume-i\sets-relations-functions\notes\families\notes-families.tex
def:arbitrary-product	F:\repos\lra-volume-i\volume-i\sets-relations-functions\notes\families\notes-families.tex
def:indexed-family	F:\repos\lra-volume-i\volume-i\sets-relations-functions\notes\families\notes-families.tex
def:indexed-union	F:\repos\lra-volume-i\volume-i\sets-relations-functions\notes\families\notes-families.tex
def:indexed-intersection	F:\repos\lra-volume-i\volume-i\sets-relations-functions\notes\families\notes-families.tex
def:restriction	F:\repos\lra-volume-i\volume-i\sets-relations-functions\notes\functions\notes-composition.tex
thm:one-sided	F:\repos\lra-volume-i\volume-i\sets-relations-functions\notes\functions\notes-composition.tex
def:left-right-inverse	F:\repos\lra-volume-i\volume-i\sets-relations-functions\notes\functions\notes-composition.tex
thm:image-ops	F:\repos\lra-volume-i\volume-i\sets-relations-functions\notes\functions\notes-composition.tex
thm:preimage-ops	F:\repos\lra-volume-i\volume-i\sets-relations-functions\notes\functions\notes-composition.tex
def:fn-extension	F:\repos\lra-volume-i\volume-i\sets-relations-functions\notes\functions\notes-composition.tex
thm:inverse-comp	F:\repos\lra-volume-i\volume-i\sets-relations-functions\notes\functions\notes-composition.tex
thm:comp-id	F:\repos\lra-volume-i\volume-i\sets-relations-functions\notes\functions\notes-composition.tex
thm:comp-assoc	F:\repos\lra-volume-i\volume-i\sets-relations-functions\notes\functions\notes-composition.tex
def:composition	F:\repos\lra-volume-i\volume-i\sets-relations-functions\notes\functions\notes-composition.tex
thm:inverse-char	F:\repos\lra-volume-i\volume-i\sets-relations-functions\notes\functions\notes-composition.tex
def:inverse	F:\repos\lra-volume-i\volume-i\sets-relations-functions\notes\functions\notes-composition.tex
thm:comp-inj-surj	F:\repos\lra-volume-i\volume-i\sets-relations-functions\notes\functions\notes-composition.tex
def:bijective	F:\repos\lra-volume-i\volume-i\sets-relations-functions\notes\functions\notes-functions.tex
def:surjective	F:\repos\lra-volume-i\volume-i\sets-relations-functions\notes\functions\notes-functions.tex
def:injective	F:\repos\lra-volume-i\volume-i\sets-relations-functions\notes\functions\notes-functions.tex
def:constant	F:\repos\lra-volume-i\volume-i\sets-relations-functions\notes\functions\notes-functions.tex
def:inclusion	F:\repos\lra-volume-i\volume-i\sets-relations-functions\notes\functions\notes-functions.tex
def:identity	F:\repos\lra-volume-i\volume-i\sets-relations-functions\notes\functions\notes-functions.tex
def:graph	F:\repos\lra-volume-i\volume-i\sets-relations-functions\notes\functions\notes-functions.tex
def:image-function	F:\repos\lra-volume-i\volume-i\sets-relations-functions\notes\functions\notes-functions.tex
def:domain-codomain	F:\repos\lra-volume-i\volume-i\sets-relations-functions\notes\functions\notes-functions.tex
def:function	F:\repos\lra-volume-i\volume-i\sets-relations-functions\notes\functions\notes-functions.tex
def:fiber	F:\repos\lra-volume-i\volume-i\sets-relations-functions\notes\functions\notes-functions.tex
def:preimage	F:\repos\lra-volume-i\volume-i\sets-relations-functions\notes\functions\notes-functions.tex
def:image-set	F:\repos\lra-volume-i\volume-i\sets-relations-functions\notes\functions\notes-functions.tex
def:bounds	F:\repos\lra-volume-i\volume-i\sets-relations-functions\notes\order\notes-order.tex
def:min-max	F:\repos\lra-volume-i\volume-i\sets-relations-functions\notes\order\notes-order.tex
def:least-greatest	F:\repos\lra-volume-i\volume-i\sets-relations-functions\notes\order\notes-order.tex
def:linear-order	F:\repos\lra-volume-i\volume-i\sets-relations-functions\notes\order\notes-order.tex
def:ordered-set	F:\repos\lra-volume-i\volume-i\sets-relations-functions\notes\order\notes-order.tex
def:strict-order	F:\repos\lra-volume-i\volume-i\sets-relations-functions\notes\order\notes-order.tex
def:comparable	F:\repos\lra-volume-i\volume-i\sets-relations-functions\notes\order\notes-order.tex
def:initial-segment	F:\repos\lra-volume-i\volume-i\sets-relations-functions\notes\order\notes-order.tex
def:directed-set	F:\repos\lra-volume-i\volume-i\sets-relations-functions\notes\order\notes-order.tex
def:net	F:\repos\lra-volume-i\volume-i\sets-relations-functions\notes\order\notes-order.tex
def:chain	F:\repos\lra-volume-i\volume-i\sets-relations-functions\notes\order\notes-order.tex
def:order-pres	F:\repos\lra-volume-i\volume-i\sets-relations-functions\notes\order\notes-order.tex
def:order-iso	F:\repos\lra-volume-i\volume-i\sets-relations-functions\notes\order\notes-order.tex
def:well-order	F:\repos\lra-volume-i\volume-i\sets-relations-functions\notes\order\notes-order.tex
def:preorder-extension	F:\repos\lra-volume-i\volume-i\sets-relations-functions\notes\order\notes-order-extensions.tex
def:trans-closure	F:\repos\lra-volume-i\volume-i\sets-relations-functions\notes\order\notes-order-extensions.tex
thm:szpilrajn	F:\repos\lra-volume-i\volume-i\sets-relations-functions\notes\order\notes-order-extensions.tex
def:owc	F:\repos\lra-volume-i\volume-i\sets-relations-functions\notes\order\notes-order-extensions.tex
cor:complete-preorder-extension	F:\repos\lra-volume-i\volume-i\sets-relations-functions\notes\order\notes-order-extensions.tex
def:preorder-ext	F:\repos\lra-volume-i\volume-i\sets-relations-functions\notes\order\notes-order-extensions.tex
def:sym-asym	F:\repos\lra-volume-i\volume-i\sets-relations-functions\notes\order\notes-order-extensions.tex
def:maximal-upper	F:\repos\lra-volume-i\volume-i\sets-relations-functions\notes\order\notes-order-extensions.tex
def:loset	F:\repos\lra-volume-i\volume-i\sets-relations-functions\notes\order\notes-order-extensions.tex
def:hasse	F:\repos\lra-volume-i\volume-i\sets-relations-functions\notes\order\notes-order-hasse-sup-duality.tex
def:dual-poset	F:\repos\lra-volume-i\volume-i\sets-relations-functions\notes\order\notes-order-hasse-sup-duality.tex
prop:order-duality	F:\repos\lra-volume-i\volume-i\sets-relations-functions\notes\order\notes-order-hasse-sup-duality.tex
def:cover-relation	F:\repos\lra-volume-i\volume-i\sets-relations-functions\notes\order\notes-order-hasse-sup-duality.tex
def:induced-order	F:\repos\lra-volume-i\volume-i\sets-relations-functions\notes\order\notes-order-induced.tex
prop:induced-preorder	F:\repos\lra-volume-i\volume-i\sets-relations-functions\notes\order\notes-order-induced.tex
def:suborder	F:\repos\lra-volume-i\volume-i\sets-relations-functions\notes\order\notes-order-induced.tex
prop:embedding-injective	F:\repos\lra-volume-i\volume-i\sets-relations-functions\notes\order\notes-order-induced.tex
def:order-embedding	F:\repos\lra-volume-i\volume-i\sets-relations-functions\notes\order\notes-order-induced.tex
def:f-indist	F:\repos\lra-volume-i\volume-i\sets-relations-functions\notes\order\notes-order-induced.tex
prop:embedding-iso	F:\repos\lra-volume-i\volume-i\sets-relations-functions\notes\order\notes-order-induced.tex
prop:induced-poset	F:\repos\lra-volume-i\volume-i\sets-relations-functions\notes\order\notes-order-induced.tex
def:lattice	F:\repos\lra-volume-i\volume-i\sets-relations-functions\notes\order\notes-order-lattices.tex
def:boolean-lattice	F:\repos\lra-volume-i\volume-i\sets-relations-functions\notes\order\notes-order-lattices.tex
thm:knaster-tarski	F:\repos\lra-volume-i\volume-i\sets-relations-functions\notes\order\notes-order-lattices.tex
def:distributive-lattice	F:\repos\lra-volume-i\volume-i\sets-relations-functions\notes\order\notes-order-lattices.tex
def:complete-lattice	F:\repos\lra-volume-i\volume-i\sets-relations-functions\notes\order\notes-order-lattices.tex
prop:sup-unique	F:\repos\lra-volume-i\volume-i\sets-relations-functions\notes\order\notes-order-sup-inf.tex
prop:sup-char	F:\repos\lra-volume-i\volume-i\sets-relations-functions\notes\order\notes-order-sup-inf.tex
prop:sup-inf-duality	F:\repos\lra-volume-i\volume-i\sets-relations-functions\notes\order\notes-order-sup-inf.tex
def:sup-inf	F:\repos\lra-volume-i\volume-i\sets-relations-functions\notes\order\notes-order-sup-inf.tex
def:equivalence-rel	F:\repos\lra-volume-i\volume-i\sets-relations-functions\notes\relations\notes-relation-properties.tex
def:total-rel	F:\repos\lra-volume-i\volume-i\sets-relations-functions\notes\relations\notes-relation-properties.tex
def:preorder	F:\repos\lra-volume-i\volume-i\sets-relations-functions\notes\relations\notes-relation-properties.tex
def:total-order	F:\repos\lra-volume-i\volume-i\sets-relations-functions\notes\relations\notes-relation-properties.tex
def:partial-order	F:\repos\lra-volume-i\volume-i\sets-relations-functions\notes\relations\notes-relation-properties.tex
def:transitive	F:\repos\lra-volume-i\volume-i\sets-relations-functions\notes\relations\notes-relation-properties.tex
def:irreflexive	F:\repos\lra-volume-i\volume-i\sets-relations-functions\notes\relations\notes-relation-properties.tex
def:reflexive	F:\repos\lra-volume-i\volume-i\sets-relations-functions\notes\relations\notes-relation-properties.tex
def:symmetric	F:\repos\lra-volume-i\volume-i\sets-relations-functions\notes\relations\notes-relation-properties.tex
def:asymmetric	F:\repos\lra-volume-i\volume-i\sets-relations-functions\notes\relations\notes-relation-properties.tex
def:antisymmetric	F:\repos\lra-volume-i\volume-i\sets-relations-functions\notes\relations\notes-relation-properties.tex
def:cartesian-product-rel	F:\repos\lra-volume-i\volume-i\sets-relations-functions\notes\relations\notes-relations.tex
def:relation	F:\repos\lra-volume-i\volume-i\sets-relations-functions\notes\relations\notes-relations.tex
def:ordered-pair	F:\repos\lra-volume-i\volume-i\sets-relations-functions\notes\relations\notes-relations.tex
thm:ordered-pair-unique	F:\repos\lra-volume-i\volume-i\sets-relations-functions\notes\relations\notes-relations.tex
ax:union	F:\repos\lra-volume-i\volume-i\sets-relations-functions\notes\sets\notes-foundations.tex
ax:power-set	F:\repos\lra-volume-i\volume-i\sets-relations-functions\notes\sets\notes-foundations.tex
ax:empty-set	F:\repos\lra-volume-i\volume-i\sets-relations-functions\notes\sets\notes-foundations.tex
ax:pairing	F:\repos\lra-volume-i\volume-i\sets-relations-functions\notes\sets\notes-foundations.tex
ax:infinity	F:\repos\lra-volume-i\volume-i\sets-relations-functions\notes\sets\notes-foundations.tex
ax:foundation	F:\repos\lra-volume-i\volume-i\sets-relations-functions\notes\sets\notes-foundations.tex
ax:choice	F:\repos\lra-volume-i\volume-i\sets-relations-functions\notes\sets\notes-foundations.tex
ax:separation	F:\repos\lra-volume-i\volume-i\sets-relations-functions\notes\sets\notes-foundations.tex
ax:replacement	F:\repos\lra-volume-i\volume-i\sets-relations-functions\notes\sets\notes-foundations.tex
ax:extensionality	F:\repos\lra-volume-i\volume-i\sets-relations-functions\notes\sets\notes-foundations.tex
def:set-membership	F:\repos\lra-volume-i\volume-i\sets-relations-functions\notes\sets\notes-foundations.tex
thm:distributivity	F:\repos\lra-volume-i\volume-i\sets-relations-functions\notes\sets\notes-set-algebra.tex
thm:identity-absorption	F:\repos\lra-volume-i\volume-i\sets-relations-functions\notes\sets\notes-set-algebra.tex
thm:commutativity	F:\repos\lra-volume-i\volume-i\sets-relations-functions\notes\sets\notes-set-algebra.tex
thm:associativity	F:\repos\lra-volume-i\volume-i\sets-relations-functions\notes\sets\notes-set-algebra.tex
thm:involution	F:\repos\lra-volume-i\volume-i\sets-relations-functions\notes\sets\notes-set-algebra.tex
def:set-equality	F:\repos\lra-volume-i\volume-i\sets-relations-functions\notes\sets\notes-set-operations.tex
def:union	F:\repos\lra-volume-i\volume-i\sets-relations-functions\notes\sets\notes-set-operations.tex
def:intersection	F:\repos\lra-volume-i\volume-i\sets-relations-functions\notes\sets\notes-set-operations.tex
thm:de-morgan	F:\repos\lra-volume-i\volume-i\sets-relations-functions\notes\sets\notes-set-operations.tex
def:power-set	F:\repos\lra-volume-i\volume-i\sets-relations-functions\notes\sets\notes-set-operations.tex
cor:set-duality	F:\repos\lra-volume-i\volume-i\sets-relations-functions\notes\sets\notes-set-operations.tex
def:set-duality	F:\repos\lra-volume-i\volume-i\sets-relations-functions\notes\sets\notes-set-operations.tex
def:sym-diff	F:\repos\lra-volume-i\volume-i\sets-relations-functions\notes\sets\notes-set-operations.tex
def:set-difference	F:\repos\lra-volume-i\volume-i\sets-relations-functions\notes\sets\notes-set-operations.tex
def:cartesian-product	F:\repos\lra-volume-i\volume-i\sets-relations-functions\notes\sets\notes-set-operations.tex
def:complement	F:\repos\lra-volume-i\volume-i\sets-relations-functions\notes\sets\notes-set-operations.tex
def:empty-set	F:\repos\lra-volume-i\volume-i\sets-relations-functions\notes\sets\notes-set-operations.tex
def:subset	F:\repos\lra-volume-i\volume-i\sets-relations-functions\notes\sets\notes-set-operations.tex
def:proper-subset	F:\repos\lra-volume-i\volume-i\sets-relations-functions\notes\sets\notes-set-operations.tex
thm:sigma-intersection	F:\repos\lra-volume-i\volume-i\sets-relations-functions\notes\set-systems\notes-set-systems.tex
def:topology-defn	F:\repos\lra-volume-i\volume-i\sets-relations-functions\notes\set-systems\notes-set-systems.tex
def:borel	F:\repos\lra-volume-i\volume-i\sets-relations-functions\notes\set-systems\notes-set-systems.tex
def:generated-sigma	F:\repos\lra-volume-i\volume-i\sets-relations-functions\notes\set-systems\notes-set-systems.tex
def:ring-of-sets	F:\repos\lra-volume-i\volume-i\sets-relations-functions\notes\set-systems\notes-set-systems.tex
def:semiring	F:\repos\lra-volume-i\volume-i\sets-relations-functions\notes\set-systems\notes-set-systems.tex
def:sigma-algebra	F:\repos\lra-volume-i\volume-i\sets-relations-functions\notes\set-systems\notes-set-systems.tex
def:algebra-of-sets	F:\repos\lra-volume-i\volume-i\sets-relations-functions\notes\set-systems\notes-set-systems.tex
thm:hausdorff	F:\repos\lra-volume-i\volume-i\sets-relations-functions\notes\zorn\notes-zorn.tex
thm:zorn	F:\repos\lra-volume-i\volume-i\sets-relations-functions\notes\zorn\notes-zorn.tex
ax:ac	F:\repos\lra-volume-i\volume-i\sets-relations-functions\notes\zorn\notes-zorn.tex
prf:cantor	F:\repos\lra-volume-i\volume-i\sets-relations-functions\proofs\cardinality\prf-cantor.tex
prf:countable-union	F:\repos\lra-volume-i\volume-i\sets-relations-functions\proofs\cardinality\prf-countable-union.tex
prf:Q-countable	F:\repos\lra-volume-i\volume-i\sets-relations-functions\proofs\cardinality\prf-Q-countable.tex
prf:R-uncountable	F:\repos\lra-volume-i\volume-i\sets-relations-functions\proofs\cardinality\prf-R-uncountable.tex
prf:schroder-bernstein	F:\repos\lra-volume-i\volume-i\sets-relations-functions\proofs\cardinality\prf-schroder-bernstein.tex
prf:equiv-partition	F:\repos\lra-volume-i\volume-i\sets-relations-functions\proofs\equivalence\prf-equiv-partition.tex
prf:quotient-universal	F:\repos\lra-volume-i\volume-i\sets-relations-functions\proofs\equivalence\prf-quotient-universal.tex
prf:rep-independence	F:\repos\lra-volume-i\volume-i\sets-relations-functions\proofs\equivalence\prf-rep-independence.tex
prf:fip-duality	F:\repos\lra-volume-i\volume-i\sets-relations-functions\proofs\families\prf-fip-duality.tex
prf:comp-assoc	F:\repos\lra-volume-i\volume-i\sets-relations-functions\proofs\functions\prf-comp-assoc.tex
prf:comp-id	F:\repos\lra-volume-i\volume-i\sets-relations-functions\proofs\functions\prf-comp-id.tex
prf:comp-inj-surj	F:\repos\lra-volume-i\volume-i\sets-relations-functions\proofs\functions\prf-comp-inj-surj.tex
prf:image-ops	F:\repos\lra-volume-i\volume-i\sets-relations-functions\proofs\functions\prf-image-ops.tex
prf:inverse-char	F:\repos\lra-volume-i\volume-i\sets-relations-functions\proofs\functions\prf-inverse-char.tex
prf:inverse-comp	F:\repos\lra-volume-i\volume-i\sets-relations-functions\proofs\functions\prf-inverse-comp.tex
prf:one-sided	F:\repos\lra-volume-i\volume-i\sets-relations-functions\proofs\functions\prf-one-sided.tex
prf:preimage-ops	F:\repos\lra-volume-i\volume-i\sets-relations-functions\proofs\functions\prf-preimage-ops.tex
prf:complete-preorder-extension	F:\repos\lra-volume-i\volume-i\sets-relations-functions\proofs\order\prf-complete-preorder-extension.tex
prf:embedding-injective	F:\repos\lra-volume-i\volume-i\sets-relations-functions\proofs\order\prf-embedding-injective.tex
prf:embedding-iso	F:\repos\lra-volume-i\volume-i\sets-relations-functions\proofs\order\prf-embedding-iso.tex
prf:induced-poset	F:\repos\lra-volume-i\volume-i\sets-relations-functions\proofs\order\prf-induced-poset.tex
prf:induced-preorder	F:\repos\lra-volume-i\volume-i\sets-relations-functions\proofs\order\prf-induced-preorder.tex
prf:order-duality	F:\repos\lra-volume-i\volume-i\sets-relations-functions\proofs\order\prf-order-duality.tex
prf:sup-char	F:\repos\lra-volume-i\volume-i\sets-relations-functions\proofs\order\prf-sup-char.tex
prf:sup-inf-duality	F:\repos\lra-volume-i\volume-i\sets-relations-functions\proofs\order\prf-sup-inf-duality.tex
prf:sup-unique	F:\repos\lra-volume-i\volume-i\sets-relations-functions\proofs\order\prf-sup-unique.tex
prf:ordered-pair-unique	F:\repos\lra-volume-i\volume-i\sets-relations-functions\proofs\relations\prf-ordered-pair-unique.tex
prf:associativity	F:\repos\lra-volume-i\volume-i\sets-relations-functions\proofs\sets\prf-associativity.tex
prf:commutativity	F:\repos\lra-volume-i\volume-i\sets-relations-functions\proofs\sets\prf-commutativity.tex
prf:distributivity	F:\repos\lra-volume-i\volume-i\sets-relations-functions\proofs\sets\prf-distributivity.tex
prf:identity-absorption	F:\repos\lra-volume-i\volume-i\sets-relations-functions\proofs\sets\prf-identity-absorption.tex
prf:involution	F:\repos\lra-volume-i\volume-i\sets-relations-functions\proofs\sets\prf-involution.tex
prf:set-duality	F:\repos\lra-volume-i\volume-i\sets-relations-functions\proofs\sets\prf-set-duality.tex
prf:sigma-intersection	F:\repos\lra-volume-i\volume-i\sets-relations-functions\proofs\set-systems\prf-sigma-intersection.tex
